{
   "library":{
      "types_data":{
         "block":{
            "categories":[
               "footer",
               "elements",
               "woo-elements"
            ]
         },
         "page":{
            "categories":[
               "homepage",
               "about",
               "brand",
               "contact",
               "faq",
               "our-store",
               "store-locations",
               "time-line",
               "coming-soon",
               "popup",
               "not-found-page"
            ]
         },
         "woocommerce": {
            "categories":[
               "single-product",
               "product-archive",
               "cart-page",
               "checkout-page"
            ]
         }
      },
      "templates":[
         {
            "id":"pages/home-fashion-v1",
            "title":"Home Fashion v1",
            "thumbnail":"",
            "tmpl_created":1655982932,
            "author":"drfuri",
            "url":"",
            "type":"page",
            "subtype":"homepage",
            "tags":"homepage",
            "menu_order":1,
            "popularity_index":1,
            "trend_index":1,
            "is_pro":false,
            "has_page_settings":true
         },
         {
            "id":"pages/home-fashion-v2",
            "title":"Home Fashion v2",
            "thumbnail":"",
            "tmpl_created":1655982932,
            "author":"drfuri",
            "url":"",
            "type":"page",
            "subtype":"homepage",
            "tags":"homepage",
            "menu_order":1,
            "popularity_index":1,
            "trend_index":1,
            "is_pro":false,
            "has_page_settings":true
         },
         {
            "id":"pages/home-fashion-v3",
            "title":"Home Fashion v3",
            "thumbnail":"",
            "tmpl_created":1655982932,
            "author":"drfuri",
            "url":"",
            "type":"page",
            "subtype":"homepage",
            "tags":"homepage",
            "menu_order":1,
            "popularity_index":1,
            "trend_index":1,
            "is_pro":false,
            "has_page_settings":true
         },
         {
           "id":"pages/home-fashion-v4",
            "title":"Home Fashion v4",
            "thumbnail":"",
            "tmpl_created":1655982932,
            "author":"drfuri",
            "url":"",
            "type":"page",
            "subtype":"homepage",
            "tags":"homepage",
            "menu_order":1,
            "popularity_index":1,
            "trend_index":1,
            "is_pro":false,
            "has_page_settings":true
         },
         {
            "id":"pages/home-fashion-v5",
            "title":"Home Fashion v5",
            "thumbnail":"",
            "tmpl_created":1655982932,
            "author":"drfuri",
            "url":"",
            "type":"page",
            "subtype":"homepage",
            "tags":"homepage",
            "menu_order":1,
            "popularity_index":1,
            "trend_index":1,
            "is_pro":false,
            "has_page_settings":true
         },
         {
            "id":"pages/home-fashion-v6",
            "title":"Home Fashion v6",
            "thumbnail":"",
            "tmpl_created":1655982932,
            "author":"drfuri",
            "url":"",
            "type":"page",
            "subtype":"homepage",
            "tags":"homepage",
            "menu_order":1,
            "popularity_index":1,
            "trend_index":1,
            "is_pro":false,
            "has_page_settings":true
         },
         {
            "id":"pages/home-fashion-v7",
            "title":"Home Fashion v7",
            "thumbnail":"",
            "tmpl_created":1655982932,
            "author":"drfuri",
            "url":"",
            "type":"page",
            "subtype":"homepage",
            "tags":"homepage",
            "menu_order":1,
            "popularity_index":1,
            "trend_index":1,
            "is_pro":false,
            "has_page_settings":true
         },
         {
            "id":"pages/home-fashion-v8",
            "title":"Home Fashion v8",
            "thumbnail":"",
            "tmpl_created":1655982932,
            "author":"drfuri",
            "url":"",
            "type":"page",
            "subtype":"homepage",
            "tags":"homepage",
            "menu_order":1,
            "popularity_index":1,
            "trend_index":1,
            "is_pro":false,
            "has_page_settings":true
         },
         {
            "id":"pages/home-fashion-women",
            "title":"Home Multi Brand(Women)",
            "thumbnail":"",
            "tmpl_created":1655982932,
            "author":"drfuri",
            "url":"",
            "type":"page",
            "subtype":"homepage",
            "tags":"homepage",
            "menu_order":1,
            "popularity_index":1,
            "trend_index":1,
            "is_pro":false,
            "has_page_settings":true
         },
         {
            "id":"pages/home-fashion-men",
            "title":"Home Multi Brand(Men)",
            "thumbnail":"",
            "tmpl_created":1655982932,
            "author":"drfuri",
            "url":"",
            "type":"page",
            "subtype":"homepage",
            "tags":"homepage",
            "menu_order":1,
            "popularity_index":1,
            "trend_index":1,
            "is_pro":false,
            "has_page_settings":true
         },
         {
            "id":"pages/home-fashion-kids",
            "title":"Home Multi Brand(Kids)",
            "thumbnail":"",
            "tmpl_created":1655982932,
            "author":"drfuri",
            "url":"",
            "type":"page",
            "subtype":"homepage",
            "tags":"homepage",
            "menu_order":1,
            "popularity_index":1,
            "trend_index":1,
            "is_pro":false,
            "has_page_settings":true
         },
         {
            "id":"pages/home-activewear",
            "title":"Home Activewear",
            "thumbnail":"",
            "tmpl_created":1655982932,
            "author":"drfuri",
            "url":"",
            "type":"page",
            "subtype":"homepage",
            "tags":"homepage",
            "menu_order":1,
            "popularity_index":1,
            "trend_index":1,
            "is_pro":false,
            "has_page_settings":true
         },
         {
            "id":"pages/home-decor",
            "title":"Home Decor",
            "thumbnail":"",
            "tmpl_created":1655982932,
            "author":"drfuri",
            "url":"",
            "type":"page",
            "subtype":"homepage",
            "tags":"homepage",
            "menu_order":1,
            "popularity_index":1,
            "trend_index":1,
            "is_pro":false,
            "has_page_settings":true
         },
         {
            "id":"pages/home-sunglasses",
            "title":"Home Sunglasses",
            "thumbnail":"",
            "tmpl_created":1655982932,
            "author":"drfuri",
            "url":"",
            "type":"page",
            "subtype":"homepage",
            "tags":"homepage",
            "menu_order":1,
            "popularity_index":1,
            "trend_index":1,
            "is_pro":false,
            "has_page_settings":true
         },
         {
            "id":"pages/home-gift-card",
            "title":"Home Gift Card",
            "thumbnail":"",
            "tmpl_created":1655982932,
            "author":"drfuri",
            "url":"",
            "type":"page",
            "subtype":"homepage",
            "tags":"homepage",
            "menu_order":1,
            "popularity_index":1,
            "trend_index":1,
            "is_pro":false,
            "has_page_settings":true
         },
         {
            "id":"pages/home-pod",
            "title":"Home POD Store",
            "thumbnail":"",
            "tmpl_created":1655982932,
            "author":"drfuri",
            "url":"",
            "type":"page",
            "subtype":"homepage",
            "tags":"homepage",
            "menu_order":1,
            "popularity_index":1,
            "trend_index":1,
            "is_pro":false,
            "has_page_settings":true
         },
         {
            "id":"pages/home-furniture",
            "title":"Home Furniture",
            "thumbnail":"",
            "tmpl_created":1655982932,
            "author":"drfuri",
            "url":"",
            "type":"page",
            "subtype":"homepage",
            "tags":"homepage",
            "menu_order":1,
            "popularity_index":1,
            "trend_index":1,
            "is_pro":false,
            "has_page_settings":true
         },
         {
            "id":"pages/home-furniture-2",
            "title":"Home Furniture 2",
            "thumbnail":"",
            "tmpl_created":1655982932,
            "author":"drfuri",
            "url":"",
            "type":"page",
            "subtype":"homepage",
            "tags":"homepage",
            "menu_order":1,
            "popularity_index":1,
            "trend_index":1,
            "is_pro":false,
            "has_page_settings":true
         },
         {
            "id":"pages/home-electronic",
            "title":"Home Electronic",
            "thumbnail":"",
            "tmpl_created":1655982932,
            "author":"drfuri",
            "url":"",
            "type":"page",
            "subtype":"homepage",
            "tags":"homepage",
            "menu_order":1,
            "popularity_index":1,
            "trend_index":1,
            "is_pro":false,
            "has_page_settings":true
         },
         {
            "id":"pages/home-setup-gear",
            "title":"Home Setup Gear",
            "thumbnail":"",
            "tmpl_created":1655982932,
            "author":"drfuri",
            "url":"",
            "type":"page",
            "subtype":"homepage",
            "tags":"homepage",
            "menu_order":1,
            "popularity_index":1,
            "trend_index":1,
            "is_pro":false,
            "has_page_settings":true
         },
         {
            "id":"pages/home-accessories",
            "title":"Home Accessories",
            "thumbnail":"",
            "tmpl_created":1655982932,
            "author":"drfuri",
            "url":"",
            "type":"page",
            "subtype":"homepage",
            "tags":"homepage",
            "menu_order":1,
            "popularity_index":1,
            "trend_index":1,
            "is_pro":false,
            "has_page_settings":true
         },
         {
            "id":"pages/home-grocery",
            "title":"Home Grocery",
            "thumbnail":"",
            "tmpl_created":1655982932,
            "author":"drfuri",
            "url":"",
            "type":"page",
            "subtype":"homepage",
            "tags":"homepage",
            "menu_order":1,
            "popularity_index":1,
            "trend_index":1,
            "is_pro":false,
            "has_page_settings":true
         },
         {
            "id":"pages/home-bike",
            "title":"Home Bike",
            "thumbnail":"",
            "tmpl_created":1655982932,
            "author":"drfuri",
            "url":"",
            "type":"page",
            "subtype":"homepage",
            "tags":"homepage",
            "menu_order":1,
            "popularity_index":1,
            "trend_index":1,
            "is_pro":false,
            "has_page_settings":true
         },
         {
            "id":"pages/home-skincare",
            "title":"Home Skincare",
            "thumbnail":"",
            "tmpl_created":1655982932,
            "author":"drfuri",
            "url":"",
            "type":"page",
            "subtype":"homepage",
            "tags":"homepage",
            "menu_order":1,
            "popularity_index":1,
            "trend_index":1,
            "is_pro":false,
            "has_page_settings":true
         },
         {
            "id":"pages/about-us",
            "title":"About Us",
            "thumbnail":"",
            "tmpl_created":1655982932,
            "author":"drfuri",
            "url":"",
            "type":"page",
            "subtype":"about",
            "tags":"about",
            "menu_order":1,
            "popularity_index":1,
            "trend_index":1,
            "is_pro":false,
            "has_page_settings":true
         },
         {
            "id":"pages/brand-v1",
            "title":"Brand v1",
            "thumbnail":"",
            "tmpl_created":1655982932,
            "author":"drfuri",
            "url":"",
            "type":"page",
            "subtype":"brand",
            "tags":"brand",
            "menu_order":1,
            "popularity_index":1,
            "trend_index":1,
            "is_pro":false,
            "has_page_settings":true
         },
         {
            "id":"pages/brand-v2",
            "title":"Brand v2",
            "thumbnail":"",
            "tmpl_created":1655982932,
            "author":"drfuri",
            "url":"",
            "type":"page",
            "subtype":"brand",
            "tags":"brand",
            "menu_order":1,
            "popularity_index":1,
            "trend_index":1,
            "is_pro":false,
            "has_page_settings":true
         },
         {
            "id":"pages/contact-v1",
            "title":"Contact v1",
            "thumbnail":"",
            "tmpl_created":1655982932,
            "author":"drfuri",
            "url":"",
            "type":"page",
            "subtype":"contact",
            "tags":"contact",
            "menu_order":1,
            "popularity_index":1,
            "trend_index":1,
            "is_pro":false,
            "has_page_settings":true
         },
         {
            "id":"pages/contact-v2",
            "title":"Contact v2",
            "thumbnail":"",
            "tmpl_created":1655982932,
            "author":"drfuri",
            "url":"",
            "type":"page",
            "subtype":"contact",
            "tags":"contact",
            "menu_order":1,
            "popularity_index":1,
            "trend_index":1,
            "is_pro":false,
            "has_page_settings":true
         },
         {
            "id":"pages/faq-v1",
            "title":"FAQ v1",
            "thumbnail":"",
            "tmpl_created":1655982932,
            "author":"drfuri",
            "url":"",
            "type":"page",
            "subtype":"faq",
            "tags":"faq",
            "menu_order":1,
            "popularity_index":1,
            "trend_index":1,
            "is_pro":false,
            "has_page_settings":true
         },
         {
            "id":"pages/faq-v2",
            "title":"FAQ v2",
            "thumbnail":"",
            "tmpl_created":1655982932,
            "author":"drfuri",
            "url":"",
            "type":"page",
            "subtype":"faq",
            "tags":"faq",
            "menu_order":1,
            "popularity_index":1,
            "trend_index":1,
            "is_pro":false,
            "has_page_settings":true
         },
         {
            "id":"pages/our-store",
            "title":"Our Store",
            "thumbnail":"",
            "tmpl_created":1655982932,
            "author":"drfuri",
            "url":"",
            "type":"page",
            "subtype":"our-store",
            "tags":"our-store",
            "menu_order":1,
            "popularity_index":1,
            "trend_index":1,
            "is_pro":false,
            "has_page_settings":true
         },
         {
            "id":"pages/store-locations",
            "title":"Store Locations",
            "thumbnail":"",
            "tmpl_created":1655982932,
            "author":"drfuri",
            "url":"",
            "type":"page",
            "subtype":"store-locations",
            "tags":"store-locations",
            "menu_order":1,
            "popularity_index":1,
            "trend_index":1,
            "is_pro":false,
            "has_page_settings":true
         },
         {
            "id":"pages/timeline",
            "title":"Timeline",
            "thumbnail":"",
            "tmpl_created":1655982932,
            "author":"drfuri",
            "url":"",
            "type":"page",
            "subtype":"timeline",
            "tags":"timeline",
            "menu_order":1,
            "popularity_index":1,
            "trend_index":1,
            "is_pro":false,
            "has_page_settings":true
         },
         {
            "id":"pages/coming-soon",
            "title":"Coming Soon",
            "thumbnail":"",
            "tmpl_created":1655982932,
            "author":"drfuri",
            "url":"",
            "type":"page",
            "subtype":"coming-soon",
            "tags":"coming-soon",
            "menu_order":1,
            "popularity_index":1,
            "trend_index":1,
            "is_pro":false,
            "has_page_settings":true
         },
         {
            "id":"pages/recommended-products-popup",
            "title":"Recommended Products Popup",
            "thumbnail":"",
            "tmpl_created":1655982932,
            "author":"drfuri",
            "url":"",
            "type":"page",
            "subtype":"popup",
            "tags":"Popup",
            "menu_order":1,
            "popularity_index":1,
            "trend_index":1,
            "is_pro":false,
            "has_page_settings":true
         },
         {
            "id":"pages/newsletter-popup",
            "title":"Newsletter Popup",
            "thumbnail":"",
            "tmpl_created":1655982932,
            "author":"drfuri",
            "url":"",
            "type":"page",
            "subtype":"popup",
            "tags":"Popup",
            "menu_order":1,
            "popularity_index":1,
            "trend_index":1,
            "is_pro":false,
            "has_page_settings":true
         },
         {
            "id":"pages/not-found-page",
            "title":"Not Found Page",
            "thumbnail":"",
            "tmpl_created":1655982932,
            "author":"drfuri",
            "url":"",
            "type":"page",
            "subtype":"not-found-page",
            "tags":"not-found-page",
            "menu_order":1,
            "popularity_index":1,
            "trend_index":1,
            "is_pro":false,
            "has_page_settings":true
         },
         {
            "id":"footer/footer-v1",
            "title":"Footer v1",
            "thumbnail":"",
            "tmpl_created":1642275628,
            "author":"drfuri",
            "url":"",
            "type":"block",
            "subtype":"footer",
            "tags":"footer",
            "menu_order":1,
            "popularity_index":1,
            "trend_index":1,
            "is_pro":false,
            "has_page_settings":false
         },
         {
            "id":"footer/footer-v1-gray",
            "title":"Footer v1 - Gray",
            "thumbnail":"",
            "tmpl_created":1642275628,
            "author":"drfuri",
            "url":"",
            "type":"block",
            "subtype":"footer",
            "tags":"footer",
            "menu_order":1,
            "popularity_index":1,
            "trend_index":1,
            "is_pro":false,
            "has_page_settings":false
         },
         {
            "id":"footer/footer-v1-dark",
            "title":"Footer v1 - Dark",
            "thumbnail":"",
            "tmpl_created":1642275628,
            "author":"drfuri",
            "url":"",
            "type":"block",
            "subtype":"footer",
            "tags":"footer",
            "menu_order":1,
            "popularity_index":1,
            "trend_index":1,
            "is_pro":false,
            "has_page_settings":false
         },
         {
            "id":"footer/footer-v2",
            "title":"Footer v2",
            "thumbnail":"",
            "tmpl_created":1642275628,
            "author":"drfuri",
            "url":"",
            "type":"block",
            "subtype":"footer",
            "tags":"footer",
            "menu_order":1,
            "popularity_index":1,
            "trend_index":1,
            "is_pro":false,
            "has_page_settings":false
         },
         {
            "id":"elements/accordion",
            "title":"Accordion",
            "thumbnail":"",
            "tmpl_created":1642275628,
            "author":"drfuri",
            "url":"",
            "type":"block",
            "subtype":"elements",
            "tags":"elements",
            "menu_order":1,
            "popularity_index":1,
            "trend_index":1,
            "is_pro":false,
            "has_page_settings":false
         },
         {
            "id":"elements/banners",
            "title":"Banners",
            "thumbnail":"",
            "tmpl_created":1642275628,
            "author":"drfuri",
            "url":"",
            "type":"block",
            "subtype":"elements",
            "tags":"elements",
            "menu_order":1,
            "popularity_index":1,
            "trend_index":1,
            "is_pro":false,
            "has_page_settings":false
         },
         {
            "id":"elements/buttons",
            "title":"Buttons",
            "thumbnail":"",
            "tmpl_created":1642275628,
            "author":"drfuri",
            "url":"",
            "type":"block",
            "subtype":"elements",
            "tags":"elements",
            "menu_order":1,
            "popularity_index":1,
            "trend_index":1,
            "is_pro":false,
            "has_page_settings":false
         },
         {
            "id":"elements/icon-box",
            "title":"Icon Box",
            "thumbnail":"",
            "tmpl_created":1642275628,
            "author":"drfuri",
            "url":"",
            "type":"block",
            "subtype":"elements",
            "tags":"elements",
            "menu_order":1,
            "popularity_index":1,
            "trend_index":1,
            "is_pro":false,
            "has_page_settings":false
         },
         {
            "id":"elements/image-box",
            "title":"Image Box",
            "thumbnail":"",
            "tmpl_created":1642275628,
            "author":"drfuri",
            "url":"",
            "type":"block",
            "subtype":"elements",
            "tags":"elements",
            "menu_order":1,
            "popularity_index":1,
            "trend_index":1,
            "is_pro":false,
            "has_page_settings":false
         },
         {
            "id":"elements/image-hotspot",
            "title":"Image Hotspot",
            "thumbnail":"",
            "tmpl_created":1642275628,
            "author":"drfuri",
            "url":"",
            "type":"block",
            "subtype":"elements",
            "tags":"elements",
            "menu_order":1,
            "popularity_index":1,
            "trend_index":1,
            "is_pro":false,
            "has_page_settings":false
         },
         {
            "id":"elements/image-carousel",
            "title":"Images Carousel",
            "thumbnail":"",
            "tmpl_created":1642275628,
            "author":"drfuri",
            "url":"",
            "type":"block",
            "subtype":"elements",
            "tags":"elements",
            "menu_order":1,
            "popularity_index":1,
            "trend_index":1,
            "is_pro":false,
            "has_page_settings":false
         },
         {
            "id":"elements/instagram",
            "title":"Instagram",
            "thumbnail":"",
            "tmpl_created":1642275628,
            "author":"drfuri",
            "url":"",
            "type":"block",
            "subtype":"elements",
            "tags":"elements",
            "menu_order":1,
            "popularity_index":1,
            "trend_index":1,
            "is_pro":false,
            "has_page_settings":false
         },
         {
            "id":"elements/marquee",
            "title":"Marquee",
            "thumbnail":"",
            "tmpl_created":1642275628,
            "author":"drfuri",
            "url":"",
            "type":"block",
            "subtype":"elements",
            "tags":"elements",
            "menu_order":1,
            "popularity_index":1,
            "trend_index":1,
            "is_pro":false,
            "has_page_settings":false
         },
         {
            "id":"elements/store-tabs",
            "title":"Store Tabs",
            "thumbnail":"",
            "tmpl_created":1642275628,
            "author":"drfuri",
            "url":"",
            "type":"block",
            "subtype":"elements",
            "tags":"elements",
            "menu_order":1,
            "popularity_index":1,
            "trend_index":1,
            "is_pro":false,
            "has_page_settings":false
         },
         {
            "id":"elements/testimonials",
            "title":"Testimonials",
            "thumbnail":"",
            "tmpl_created":1642275628,
            "author":"drfuri",
            "url":"",
            "type":"block",
            "subtype":"elements",
            "tags":"elements",
            "menu_order":1,
            "popularity_index":1,
            "trend_index":1,
            "is_pro":false,
            "has_page_settings":false
         },
         {
            "id":"elements/posts-carousel",
            "title":"Posts Carousel",
            "thumbnail":"",
            "tmpl_created":1642275628,
            "author":"drfuri",
            "url":"",
            "type":"block",
            "subtype":"elements",
            "tags":"elements",
            "menu_order":1,
            "popularity_index":1,
            "trend_index":1,
            "is_pro":false,
            "has_page_settings":false
         },
         {
            "id":"elements/product-categories",
            "title":"Product Categories",
            "thumbnail":"",
            "tmpl_created":1642275628,
            "author":"drfuri",
            "url":"",
            "type":"block",
            "subtype":"woo-elements",
            "tags":"Woo Elements",
            "menu_order":1,
            "popularity_index":1,
            "trend_index":1,
            "is_pro":false,
            "has_page_settings":false
         },
         {
            "id":"elements/products-carousel",
            "title":"Products Carousel",
            "thumbnail":"",
            "tmpl_created":1642275628,
            "author":"drfuri",
            "url":"",
            "type":"block",
            "subtype":"woo-elements",
            "tags":"Woo Elements",
            "menu_order":1,
            "popularity_index":1,
            "trend_index":1,
            "is_pro":false,
            "has_page_settings":false
         },
         {
            "id":"elements/product-grid",
            "title":"Product Grid",
            "thumbnail":"",
            "tmpl_created":1642275628,
            "author":"drfuri",
            "url":"",
            "type":"block",
            "subtype":"woo-elements",
            "tags":"Woo Elements",
            "menu_order":1,
            "popularity_index":1,
            "trend_index":1,
            "is_pro":false,
            "has_page_settings":false
         },
         {
            "id":"elements/product-tabs",
            "title":"Product Tabs",
            "thumbnail":"",
            "tmpl_created":1642275628,
            "author":"drfuri",
            "url":"",
            "type":"block",
            "subtype":"woo-elements",
            "tags":"Woo Elements",
            "menu_order":1,
            "popularity_index":1,
            "trend_index":1,
            "is_pro":false,
            "has_page_settings":false
         },
         {
            "id":"elements/products-listing",
            "title":"Products Listing",
            "thumbnail":"",
            "tmpl_created":1642275628,
            "author":"drfuri",
            "url":"",
            "type":"block",
            "subtype":"woo-elements",
            "tags":"Woo Elements",
            "menu_order":1,
            "popularity_index":1,
            "trend_index":1,
            "is_pro":false,
            "has_page_settings":false
         },
         {
            "id":"woocommerce/product-default",
            "title":"Product Default",
            "thumbnail":"",
            "tmpl_created":1655982932,
            "author":"drfuri",
            "url":"",
            "type":"woocommerce",
            "subtype":"single-product",
            "tags":"single-product",
            "menu_order":1,
            "popularity_index":1,
            "trend_index":1,
            "is_pro":false,
            "has_page_settings":true
         },
         {
            "id":"woocommerce/product-grid-v1",
            "title":"Product Grid v1",
            "thumbnail":"",
            "tmpl_created":1655982932,
            "author":"drfuri",
            "url":"",
            "type":"woocommerce",
            "subtype":"single-product",
            "tags":"single-product",
            "menu_order":1,
            "popularity_index":1,
            "trend_index":1,
            "is_pro":false,
            "has_page_settings":true
         },
         {
            "id":"woocommerce/product-grid-v2",
            "title":"Product Grid v2",
            "thumbnail":"",
            "tmpl_created":1655982932,
            "author":"drfuri",
            "url":"",
            "type":"woocommerce",
            "subtype":"single-product",
            "tags":"single-product",
            "menu_order":1,
            "popularity_index":1,
            "trend_index":1,
            "is_pro":false,
            "has_page_settings":true
         },
         {
            "id":"woocommerce/product-stacked",
            "title":"Product Stacked",
            "thumbnail":"",
            "tmpl_created":1655982932,
            "author":"drfuri",
            "url":"",
            "type":"woocommerce",
            "subtype":"single-product",
            "tags":"single-product",
            "menu_order":1,
            "popularity_index":1,
            "trend_index":1,
            "is_pro":false,
            "has_page_settings":true
         },
         {
            "id":"woocommerce/product-right-thumbnails",
            "title":"Product Right Thumbnails",
            "thumbnail":"",
            "tmpl_created":1655982932,
            "author":"drfuri",
            "url":"",
            "type":"woocommerce",
            "subtype":"single-product",
            "tags":"single-product",
            "menu_order":1,
            "popularity_index":1,
            "trend_index":1,
            "is_pro":false,
            "has_page_settings":true
         },
         {
            "id":"woocommerce/product-bottom-thumbnails",
            "title":"Product Bottom Thumbnails",
            "thumbnail":"",
            "tmpl_created":1655982932,
            "author":"drfuri",
            "url":"",
            "type":"woocommerce",
            "subtype":"single-product",
            "tags":"single-product",
            "menu_order":1,
            "popularity_index":1,
            "trend_index":1,
            "is_pro":false,
            "has_page_settings":true
         },
         {
            "id":"woocommerce/product-drawer-sidebar",
            "title":"Product Drawer Sidebar",
            "thumbnail":"",
            "tmpl_created":1655982932,
            "author":"drfuri",
            "url":"",
            "type":"woocommerce",
            "subtype":"single-product",
            "tags":"single-product",
            "menu_order":1,
            "popularity_index":1,
            "trend_index":1,
            "is_pro":false,
            "has_page_settings":true
         },
         {
            "id":"woocommerce/product-fixed-sidebar",
            "title":"Product Fixed Sidebar",
            "thumbnail":"",
            "tmpl_created":1655982932,
            "author":"drfuri",
            "url":"",
            "type":"woocommerce",
            "subtype":"single-product",
            "tags":"single-product",
            "menu_order":1,
            "popularity_index":1,
            "trend_index":1,
            "is_pro":false,
            "has_page_settings":true
         },
         {
            "id":"woocommerce/product-sidebar-section",
            "title":"Product Sidebar Section",
            "thumbnail":"",
            "tmpl_created":1655982932,
            "author":"drfuri",
            "url":"",
            "type":"woocommerce",
            "subtype":"single-product",
            "tags":"single-product",
            "menu_order":1,
            "popularity_index":1,
            "trend_index":1,
            "is_pro":false,
            "has_page_settings":true
         },
         {
            "id":"woocommerce/product-description-accordion",
            "title":"Product Description Accordion",
            "thumbnail":"",
            "tmpl_created":1655982932,
            "author":"drfuri",
            "url":"",
            "type":"woocommerce",
            "subtype":"single-product",
            "tags":"single-product",
            "menu_order":1,
            "popularity_index":1,
            "trend_index":1,
            "is_pro":false,
            "has_page_settings":true
         },
         {
            "id":"woocommerce/product-description-list",
            "title":"Product Description List",
            "thumbnail":"",
            "tmpl_created":1655982932,
            "author":"drfuri",
            "url":"",
            "type":"woocommerce",
            "subtype":"single-product",
            "tags":"single-product",
            "menu_order":1,
            "popularity_index":1,
            "trend_index":1,
            "is_pro":false,
            "has_page_settings":true
         },
         {
            "id":"woocommerce/product-description-vertical",
            "title":"Product Description Vertical",
            "thumbnail":"",
            "tmpl_created":1655982932,
            "author":"drfuri",
            "url":"",
            "type":"woocommerce",
            "subtype":"single-product",
            "tags":"single-product",
            "menu_order":1,
            "popularity_index":1,
            "trend_index":1,
            "is_pro":false,
            "has_page_settings":true
         },
         {
            "id":"woocommerce/shop-default",
            "title":"Shop Default",
            "thumbnail":"",
            "tmpl_created":1655982932,
            "author":"drfuri",
            "url":"",
            "type":"woocommerce",
            "subtype":"product-archive",
            "tags":"product-archive",
            "menu_order":1,
            "popularity_index":1,
            "trend_index":1,
            "is_pro":false,
            "has_page_settings":true
         },
         {
            "id":"woocommerce/shop-left-sidebar",
            "title":"Shop Left Sidebar",
            "thumbnail":"",
            "tmpl_created":1655982932,
            "author":"drfuri",
            "url":"",
            "type":"woocommerce",
            "subtype":"product-archive",
            "tags":"product-archive",
            "menu_order":1,
            "popularity_index":1,
            "trend_index":1,
            "is_pro":false,
            "has_page_settings":true
         },
         {
            "id":"woocommerce/shop-right-sidebar",
            "title":"Shop Right Sidebar",
            "thumbnail":"",
            "tmpl_created":1655982932,
            "author":"drfuri",
            "url":"",
            "type":"woocommerce",
            "subtype":"product-archive",
            "tags":"product-archive",
            "menu_order":1,
            "popularity_index":1,
            "trend_index":1,
            "is_pro":false,
            "has_page_settings":true
         },
         {
            "id":"woocommerce/shop-sidebar-section",
            "title":"Shop Sidebar Section",
            "thumbnail":"",
            "tmpl_created":1655982932,
            "author":"drfuri",
            "url":"",
            "type":"woocommerce",
            "subtype":"product-archive",
            "tags":"product-archive",
            "menu_order":1,
            "popularity_index":1,
            "trend_index":1,
            "is_pro":false,
            "has_page_settings":true
         },
         {
            "id":"woocommerce/shop-full-width",
            "title":"Shop Full Width",
            "thumbnail":"",
            "tmpl_created":1655982932,
            "author":"drfuri",
            "url":"",
            "type":"woocommerce",
            "subtype":"product-archive",
            "tags":"product-archive",
            "menu_order":1,
            "popularity_index":1,
            "trend_index":1,
            "is_pro":false,
            "has_page_settings":true
         },
         {
            "id":"woocommerce/shop-sub-collection",
            "title":"Shop Sub Collection",
            "thumbnail":"",
            "tmpl_created":1655982932,
            "author":"drfuri",
            "url":"",
            "type":"woocommerce",
            "subtype":"product-archive",
            "tags":"product-archive",
            "menu_order":1,
            "popularity_index":1,
            "trend_index":1,
            "is_pro":false,
            "has_page_settings":true
         },
         {
            "id":"woocommerce/cart-page",
            "title":"Cart Page",
            "thumbnail":"",
            "tmpl_created":1655982932,
            "author":"drfuri",
            "url":"",
            "type":"woocommerce",
            "subtype":"cart-page",
            "tags":"cart-page",
            "menu_order":1,
            "popularity_index":1,
            "trend_index":1,
            "is_pro":false,
            "has_page_settings":true
         },
         {
            "id":"woocommerce/cart-sidebar",
            "title":"Cart Sidebar Section",
            "thumbnail":"",
            "tmpl_created":1655982932,
            "author":"drfuri",
            "url":"",
            "type":"woocommerce",
            "subtype":"cart-page",
            "tags":"cart-page",
            "menu_order":1,
            "popularity_index":1,
            "trend_index":1,
            "is_pro":false,
            "has_page_settings":true
         },
         {
            "id":"woocommerce/checkout-page",
            "title":"Checkout Page",
            "thumbnail":"",
            "tmpl_created":1655982932,
            "author":"drfuri",
            "url":"",
            "type":"woocommerce",
            "subtype":"checkout-page",
            "tags":"checkout-page",
            "menu_order":1,
            "popularity_index":1,
            "trend_index":1,
            "is_pro":false,
            "has_page_settings":true
         },
         {
            "id":"woocommerce/checkout-sidebar",
            "title":"Checkout Sidebar Section",
            "thumbnail":"",
            "tmpl_created":1655982932,
            "author":"drfuri",
            "url":"",
            "type":"woocommerce",
            "subtype":"checkout-page",
            "tags":"checkout-page",
            "menu_order":1,
            "popularity_index":1,
            "trend_index":1,
            "is_pro":false,
            "has_page_settings":true
         }
      ]
   }
}